[
    {
        "image": "https://image.tmdb.org/t/p/original/9l1eZiJHmhr5jIlthMdJN5WYoff.jpg",
        "artWork": "https://image.tmdb.org/t/p/original/8cdWjvZQUExUUTzyp4t6EDMubfO.jpg",
        "title": "Deadpool & Wolverine",
        "subtitle": "A listless Wade Wilson toils away in civilian life with his days as the morally flexible mercenary, Deadpool, behind him. But when his homeworld faces an existential threat, Wade must reluctantly suit-up again with an even more reluctant Wolverine.",
        "url": "https://www.themoviedb.org/movie/533535"
    },
    {
        "image": "https://image.tmdb.org/t/p/original/etj8E2o0Bud0HkONVQPjyCkIvpv.jpg",
        "artWork": "https://image.tmdb.org/t/p/original/t9XkeE7HzOsdQcDDDapDYh8Rrmt.jpg",
        "title": "House of the Dragon",
        "subtitle": "The Targaryen dynasty is at the absolute apex of its power, with more than 15 dragons under their yoke. Most empires crumble from such heights. In the case of the Targaryens, their slow fall begins when King Viserys breaks with a century of tradition by naming his daughter Rhaenyra heir to the Iron Throne. But when Viserys later fathers a son, the court is shocked when Rhaenyra retains her status as his heir, and seeds of division sow friction across the realm.",
        "url": "https://www.themoviedb.org/movie/94997"
    },
    {
        "image": "https://image.tmdb.org/t/p/original/2RVcJbWFmICRDsVxRI8F5xRmRsK.jpg",
        "artWork": "https://image.tmdb.org/t/p/original/yrpPYKijwdMHyTGIOd1iK1h0Xno.jpg",
        "title": "A Quiet Place: Day One",
        "subtitle": "As New York City is invaded by alien creatures who hunt by sound, a woman named Sam fights to survive with her cat.",
        "url": "https://www.themoviedb.org/movie/762441"
    },
    {
        "image": "https://image.tmdb.org/t/p/original/7cqKGQMnNabzOpi7qaIgZvQ7NGV.jpg",
        "artWork": "https://image.tmdb.org/t/p/original/2zmTngn1tYC1AvfnrFLhxeD82hz.jpg",
        "title": "The Boys",
        "subtitle": "A group of vigilantes known informally as \u201cThe Boys\u201d set out to take down corrupt superheroes with no more than blue-collar grit and a willingness to fight dirty.",
        "url": "https://www.themoviedb.org/movie/76479"
    },
    {
        "image": "https://image.tmdb.org/t/p/original/lgkPzcOSnTvjeMnuFzozRO5HHw1.jpg",
        "artWork": "https://image.tmdb.org/t/p/original/wWba3TaojhK7NdycRhoQpsG0FaH.jpg",
        "title": "Despicable Me 4",
        "subtitle": "Gru and Lucy and their girls\u2014Margo, Edith and Agnes\u2014welcome a new member to the Gru family, Gru Jr., who is intent on tormenting his dad. Gru also faces a new nemesis in Maxime Le Mal and his femme fatale girlfriend Valentina, forcing the family to go on the run.",
        "url": "https://www.themoviedb.org/movie/519182"
    },
    {
        "image": "https://image.tmdb.org/t/p/original/ygxEKLihFbMohlVL6dkg7wACCi2.jpg",
        "artWork": "https://image.tmdb.org/t/p/original/sgv6nwj1TlDDKqxbcUEuds8fqoz.jpg",
        "title": "Strange Tales Of Tang Dynasty",
        "subtitle": "When the dark evil immortal descends from the heaven, and the mysterious underground ghost palace was revealed, a strange herb named the Black Tea suddenly took Chang'an City by storm. However, no one knows whether it is a healthy medicine or one that could harm people. Cases of missing brides in Chang'an City began occurring one after another, which seems to be inextricably linked to the black tea...  Ling Feng, general of the Jin Wu guards was tasked to investigate these cases. On his journey, he meets his strongest opponent in Su Wu Ming, the disciple of Di Ren Jie. The two of them work together to solve these mysterious cases.",
        "url": "https://www.themoviedb.org/movie/211089"
    },
    {
        "image": "https://image.tmdb.org/t/p/original/3q01ACG0MWm0DekhvkPFCXyPZSu.jpg",
        "artWork": "https://image.tmdb.org/t/p/original/oGythE98MYleE6mZlGs5oBGkux1.jpg",
        "title": "Bad Boys: Ride or Die",
        "subtitle": "After their late former Captain is framed, Lowrey and Burnett try to clear his name, only to end up on the run themselves.",
        "url": "https://www.themoviedb.org/movie/573435"
    },
    {
        "image": "https://image.tmdb.org/t/p/original/zwocf2Q0UAcwBJ5Ck6oMxY5sJAR.jpg",
        "artWork": "https://image.tmdb.org/t/p/original/imuZQcnPNKNygPw28TESUq4tNsb.jpg",
        "title": "Batman: Caped Crusader",
        "subtitle": "Welcome to Gotham City, where the corrupt outnumber the good, criminals run rampant and law-abiding citizens live in a constant state of fear. Forged in the fire of tragedy, wealthy socialite Bruce Wayne becomes something both more and less than human\u2014the Batman. His one-man crusade for justice attracts unexpected allies within the GCPD and City Hall, but his heroic actions spawn deadly, unforeseen ramifications.",
        "url": "https://www.themoviedb.org/movie/125909"
    },
    {
        "image": "https://image.tmdb.org/t/p/original/sRLC052ieEzkQs9dEtPMfFxYkej.jpg",
        "artWork": "https://image.tmdb.org/t/p/original/ui4DrH1cKk2vkHshcUcGt2lKxCm.jpg",
        "title": "Rebel Moon - Part One: A Child of Fire",
        "subtitle": "When the ruthless forces of the Motherworld threaten a quiet farming village on a distant moon, a mysterious outsider becomes its best hope for survival.",
        "url": "https://www.themoviedb.org/movie/848326"
    },
    {
        "image": "https://image.tmdb.org/t/p/original/6reRaCemkmV3fRMSajkFDE3b4eX.jpg",
        "artWork": "https://image.tmdb.org/t/p/original/sdJcX2cXirwQurLLlrDLYov7hcD.jpg",
        "title": "Futurama",
        "subtitle": "The adventures of a late-20th-century New York City pizza delivery boy, Philip J. Fry, who, after being unwittingly cryogenically frozen for one thousand years, finds employment at Planet Express, an interplanetary delivery company in the retro-futuristic 31st century.",
        "url": "https://www.themoviedb.org/movie/615"
    },
    {
        "image": "https://image.tmdb.org/t/p/original/viKEEaaCaZ0hZ2nGuvIEozlLooL.jpg",
        "artWork": "https://image.tmdb.org/t/p/original/ArvoFK6nlouZRxYmtIOUzKIrg90.jpg",
        "title": "MaXXXine",
        "subtitle": "In 1980s Hollywood, adult film star and aspiring actress Maxine Minx finally gets her big break. But as a mysterious killer stalks the starlets of Hollywood, a trail of blood threatens to reveal her sinister past.",
        "url": "https://www.themoviedb.org/movie/1023922"
    },
    {
        "image": "https://image.tmdb.org/t/p/original/2rmK7mnchw9Xr3XdiTFSxTTLXqv.jpg",
        "artWork": "https://image.tmdb.org/t/p/original/e3NBGiAifW9Xt8xD5tpARskjccO.jpg",
        "title": "One Piece",
        "subtitle": "Years ago, the fearsome Pirate King, Gol D. Roger was executed leaving a huge pile of treasure and the famous \"One Piece\" behind. Whoever claims the \"One Piece\" will be named the new King of the Pirates.\n\nMonkey D. Luffy, a boy who consumed a \"Devil Fruit,\" decides to follow in the footsteps of his idol, the pirate Shanks, and find the One Piece. It helps, of course, that his body has the properties of rubber and that he's surrounded by a bevy of skilled fighters and thieves to help him along the way.\n\nLuffy will do anything to get the One Piece and become King of the Pirates!",
        "url": "https://www.themoviedb.org/movie/37854"
    },
    {
        "image": "https://image.tmdb.org/t/p/original/fqv8v6AycXKsivp1T5yKtLbGXce.jpg",
        "artWork": "https://image.tmdb.org/t/p/original/gKkl37BQuKTanygYQG1pyYgLVgf.jpg",
        "title": "Kingdom of the Planet of the Apes",
        "subtitle": "Several generations following Caesar's reign, apes \u2013 now the dominant species \u2013 live harmoniously while humans have been reduced to living in the shadows. As a new tyrannical ape leader builds his empire, one young ape undertakes a harrowing journey that will cause him to question all he's known about the past and to make choices that will define a future for apes and humans alike.",
        "url": "https://www.themoviedb.org/movie/653346"
    },
    {
        "image": "https://image.tmdb.org/t/p/original/33Al50uZ9cZSddklcuHTaHmNxeE.jpg",
        "artWork": "https://image.tmdb.org/t/p/original/ahnTuygdAbjXvLKzLQlK2txosMX.jpg",
        "title": "Time Bandits",
        "subtitle": "Eleven-year-old Kevin's passion for history is put to the test when he joins a ragtag group of time-traveling thieves on a high-stakes and hilarious adventure.",
        "url": "https://www.themoviedb.org/movie/114924"
    },
    {
        "image": "https://image.tmdb.org/t/p/original/stKGOm8UyhuLPR9sZLjs5AkmncA.jpg",
        "artWork": "https://image.tmdb.org/t/p/original/vpnVM9B6NMmQpWeZvzLvDESb2QY.jpg",
        "title": "Inside Out 2",
        "subtitle": "Teenager Riley's mind headquarters is undergoing a sudden demolition to make room for something entirely unexpected: new Emotions! Joy, Sadness, Anger, Fear and Disgust, who\u2019ve long been running a successful operation by all accounts, aren\u2019t sure how to feel when Anxiety shows up. And it looks like she\u2019s not alone.",
        "url": "https://www.themoviedb.org/movie/1022789"
    },
    {
        "image": "https://image.tmdb.org/t/p/original/zZqpAXxVSBtxV9qPBcscfXBcL2w.jpg",
        "artWork": "https://image.tmdb.org/t/p/original/1XS1oqL89opfnbLl8WnZY1O1uJx.jpg",
        "title": "Game of Thrones",
        "subtitle": "Seven noble families fight for control of the mythical land of Westeros. Friction between the houses leads to full-scale war. All while a very ancient evil awakens in the farthest north. Amidst the war, a neglected military order of misfits, the Night's Watch, is all that stands between the realms of men and icy horrors beyond.",
        "url": "https://www.themoviedb.org/movie/1399"
    },
    {
        "image": "https://image.tmdb.org/t/p/original/wNAhuOZ3Zf84jCIlrcI6JhgmY5q.jpg",
        "artWork": "https://image.tmdb.org/t/p/original/iADOJ8Zymht2JPMoy3R7xceZprc.jpg",
        "title": "Furiosa: A Mad Max Saga",
        "subtitle": "As the world fell, young Furiosa is snatched from the Green Place of Many Mothers and falls into the hands of a great Biker Horde led by the Warlord Dementus. Sweeping through the Wasteland they come across the Citadel presided over by The Immortan Joe. While the two Tyrants war for dominance, Furiosa must survive many trials as she puts together the means to find her way home.",
        "url": "https://www.themoviedb.org/movie/786892"
    },
    {
        "image": "https://image.tmdb.org/t/p/original/eLBiyu3a5dXJYWFDZ3CDwh0G9KF.jpg",
        "artWork": "https://image.tmdb.org/t/p/original/aw15pxLKXev7JKtXqpIS18rXWL9.jpg",
        "title": "\u5510\u671d\u8be1\u4e8b\u5f55\u4e4b\u897f\u884c",
        "subtitle": "",
        "url": "https://www.themoviedb.org/movie/259910"
    },
    {
        "image": "https://image.tmdb.org/t/p/original/tpiqEVTLRz2Mq7eLq5DT8jSrp71.jpg",
        "artWork": "https://image.tmdb.org/t/p/original/95gnJZIk2rEkMO0Ch46x5CVjnms.jpg",
        "title": "Rebel Moon - Part Two: The Scargiver",
        "subtitle": "The rebels gear up for battle against the ruthless forces of the Motherworld as unbreakable bonds are forged, heroes emerge \u2014 and legends are made.",
        "url": "https://www.themoviedb.org/movie/934632"
    },
    {
        "image": "https://image.tmdb.org/t/p/original/vX71TGviqLsOtDNJ9q1QR4m14kH.jpg",
        "artWork": "https://image.tmdb.org/t/p/original/gvz0m4MJ8sAj6yMcQdwN07bNjRY.jpg",
        "title": "Those About to Die",
        "subtitle": "Within the spectacular, complex and corrupt world of gladiatorial sports in Ancient Rome, follow an ensemble of diverse characters across the many layers of Roman society where sports, politics and business intersect and collide.",
        "url": "https://www.themoviedb.org/movie/218589"
    },
    {
        "image": "https://image.tmdb.org/t/p/original/wsgni4E1UnBuvFouUUanSdniQi0.jpg",
        "artWork": "https://image.tmdb.org/t/p/original/pjnD08FlMAIXsfOLKQbvmO0f0MD.jpg",
        "title": "Twisters",
        "subtitle": "As storm season intensifies, the paths of former storm chaser Kate Carter and reckless social-media superstar Tyler Owens collide when terrifying phenomena never seen before are unleashed. The pair and their competing teams find themselves squarely in the paths of multiple storm systems converging over central Oklahoma in the fight of their lives.",
        "url": "https://www.themoviedb.org/movie/718821"
    },
    {
        "image": "https://image.tmdb.org/t/p/original/rNrG1E0NLoQnYudBmPGKfcY2RIM.jpg",
        "artWork": "https://image.tmdb.org/t/p/original/7MXg0BxuSRWz2yKc03M40du2mrc.jpg",
        "title": "Presumed Innocent",
        "subtitle": "A horrific murder upends the Chicago Prosecuting Attorney's Office when one of its own is suspected of the crime\u2014leaving the accused fighting to keep his family together.",
        "url": "https://www.themoviedb.org/movie/156933"
    },
    {
        "image": "https://image.tmdb.org/t/p/original/iAlsYg6dlv1fvOBypM7SldIS1Wl.jpg",
        "artWork": "https://image.tmdb.org/t/p/original/mWV2fNBkSTW67dIotVTXDYZhNBj.jpg",
        "title": "Trap",
        "subtitle": "A father and teen daughter attend a pop concert, where they realize they're at the center of a dark and sinister event.",
        "url": "https://www.themoviedb.org/movie/1032823"
    },
    {
        "image": "https://image.tmdb.org/t/p/original/2WBO3C7CjsOTT5wgi9Inn5iQhVv.jpg",
        "artWork": "https://image.tmdb.org/t/p/original/zCEjjb1NH3LLsWeZx47wOeqkezf.jpg",
        "title": "Monogatari",
        "subtitle": "Although there are still traces of the brief period he became a vampire, third-year high school student Koyomi Araragi is human again. He happens upon others with their own supernatural problems and finds that he can empathize. Koyomi becomes involved in their lives, seeking to help them and occasionally asking for advice from Meme Oshino, the homeless man who helped him become human again.",
        "url": "https://www.themoviedb.org/movie/46195"
    },
    {
        "image": "https://image.tmdb.org/t/p/original/H5HjE7Xb9N09rbWn1zBfxgI8uz.jpg",
        "artWork": "https://image.tmdb.org/t/p/original/tSz1qsmSJon0rqjHBxXZmrotuse.jpg",
        "title": "The Fall Guy",
        "subtitle": "Fresh off an almost career-ending accident, stuntman Colt Seavers has to track down a missing movie star, solve a conspiracy and try to win back the love of his life while still doing his day job.",
        "url": "https://www.themoviedb.org/movie/746036"
    },
    {
        "image": "https://image.tmdb.org/t/p/original/gArCVC4ML529WMCEqOXbALdQbUq.jpg",
        "artWork": "https://image.tmdb.org/t/p/original/rFp74PFpz14AHrtlVPrLyrSng47.jpg",
        "title": "Oshi No Ko",
        "subtitle": "Dr. Goro is reborn as the son of the young starlet Ai Hoshino after her delusional stalker murders him. Now, he wants to help his new mother rise to the top, but what can a child do about the dark underbelly of the entertainment industry?",
        "url": "https://www.themoviedb.org/movie/203737"
    },
    {
        "image": "https://image.tmdb.org/t/p/original/s5znBQmprDJJ553IMQfwEVlfroH.jpg",
        "artWork": "https://image.tmdb.org/t/p/original/8aF0iAKH9MJMYAZdi0Slg77RYa2.jpg",
        "title": "The Ministry of Ungentlemanly Warfare",
        "subtitle": "During World War II, the British Army assigns a group of competent soldiers to carry out a mission against the Nazi forces behind enemy lines... A true story about a secret British WWII organization \u2013 the Special Operations Executive. Founded by Winston Churchill, their irregular warfare against the Germans helped to change the course of the war, and gave birth to modern black operations.",
        "url": "https://www.themoviedb.org/movie/799583"
    },
    {
        "image": "https://image.tmdb.org/t/p/original/qhWSPI34VHk3CkKitUL7OsxLzDK.jpg",
        "artWork": "https://image.tmdb.org/t/p/original/mzkstyDSsTRswCMRvoBD5ULPnIt.jpg",
        "title": "A Good Girl's Guide to Murder",
        "subtitle": "Five years after the death of schoolgirl Andie Bell, Pippa Fitz-Amobi sets out to uncover what really happened to her. Sal Singh, Andie's boyfriend, admitted to the murder before taking his own life, but Pip doesn't believe he's responsible and teams up with Sal's brother Ravi to uncover the truth. If Sal Singh isn't a murderer and the real killer is still out there, how far will they go to keep Pip from finding out the truth?",
        "url": "https://www.themoviedb.org/movie/218342"
    },
    {
        "image": "https://image.tmdb.org/t/p/original/en971MEXui9diirXlogOrPKmsEn.jpg",
        "artWork": "https://image.tmdb.org/t/p/original/3E53WEZJqP6aM84D8CckXx4pIHw.jpg",
        "title": "Deadpool",
        "subtitle": "The origin story of former Special Forces operative turned mercenary Wade Wilson, who, after being subjected to a rogue experiment that leaves him with accelerated healing powers, adopts the alter ego Deadpool. Armed with his new abilities and a dark, twisted sense of humor, Deadpool hunts down the man who nearly destroyed his life.",
        "url": "https://www.themoviedb.org/movie/293660"
    },
    {
        "image": "https://image.tmdb.org/t/p/original/7sqFEDDmK1hG5m92upolcfQxy7R.jpg",
        "artWork": "https://image.tmdb.org/t/p/original/qhcwrnnCnN8NE1N6XXKHFmveJR9.jpg",
        "title": "The Umbrella Academy",
        "subtitle": "A dysfunctional family of superheroes comes together to solve the mystery of their father's death, the threat of the apocalypse and more.",
        "url": "https://www.themoviedb.org/movie/75006"
    },
    {
        "image": "https://image.tmdb.org/t/p/original/z121dSTR7PY9KxKuvwiIFSYW8cf.jpg",
        "artWork": "https://image.tmdb.org/t/p/original/sh7Rg8Er3tFcN9BpKIPOMvALgZd.jpg",
        "title": "Civil War",
        "subtitle": "In the near future, a group of war journalists attempt to survive while reporting the truth as the United States stands on the brink of civil war.",
        "url": "https://www.themoviedb.org/movie/929590"
    },
    {
        "image": "https://image.tmdb.org/t/p/original/kwronSXO1ogMqHHFvY2eBxfFLdn.jpg",
        "artWork": "https://image.tmdb.org/t/p/original/bnVL7o0r7rnOIFZMHr6eoDigpON.jpg",
        "title": "The Acolyte",
        "subtitle": "A hundred years before the rise of the Empire, the Jedi Order and the Galactic Republic have prospered for centuries without war. During this time, an investigation into a shocking crime spree pits a Jedi Master against a dangerous warrior from his past.",
        "url": "https://www.themoviedb.org/movie/114479"
    },
    {
        "image": "https://image.tmdb.org/t/p/original/9SSEUrSqhljBMzRe4aBTh17rUaC.jpg",
        "artWork": "https://image.tmdb.org/t/p/original/b33nnKl1GSFbao4l3fZDDqsMx0F.jpg",
        "title": "Alien: Romulus",
        "subtitle": "While scavenging the deep ends of a derelict space station, a group of young space colonizers come face to face with the most terrifying life form in the universe.",
        "url": "https://www.themoviedb.org/movie/945961"
    },
    {
        "image": "https://image.tmdb.org/t/p/original/rqbCbjB19amtOtFQbb3K2lgm2zv.jpg",
        "artWork": "https://image.tmdb.org/t/p/original/hTP1DtLGFamjfu8WqjnuQdP1n4i.jpg",
        "title": "Attack on Titan",
        "subtitle": "Many years ago, the last remnants of humanity were forced to retreat behind the towering walls of a fortified city to escape the massive, man-eating Titans that roamed the land outside their fortress. Only the heroic members of the Scouting Legion dared to stray beyond the safety of the walls \u2013 but even those brave warriors seldom returned alive. Those within the city clung to the illusion of a peaceful existence until the day that dream was shattered, and their slim chance at survival was reduced to one horrifying choice: kill \u2013 or be devoured!",
        "url": "https://www.themoviedb.org/movie/1429"
    },
    {
        "image": "https://image.tmdb.org/t/p/original/Akv9GlCCMrzcDkVz4ad8MdLl9DK.jpg",
        "artWork": "https://image.tmdb.org/t/p/original/p6AbOJvMQhBmffd0PIv0u8ghWeY.jpg",
        "title": "The Garfield Movie",
        "subtitle": "Garfield, the world-famous, Monday-hating, lasagna-loving indoor cat, is about to have a wild outdoor adventure! After an unexpected reunion with his long-lost father \u2013 scruffy street cat Vic \u2013 Garfield and his canine friend Odie are forced from their perfectly pampered life into joining Vic in a hilarious, high-stakes heist.",
        "url": "https://www.themoviedb.org/movie/748783"
    },
    {
        "image": "https://image.tmdb.org/t/p/original/wHNwlE6ftEpgjVbdhLXOtv1hLs0.jpg",
        "artWork": "https://image.tmdb.org/t/p/original/sHFlbKS3WLqMnp9t2ghADIJFnuQ.jpg",
        "title": "The Bear",
        "subtitle": "Carmy, a young fine-dining chef, comes home to Chicago to run his family sandwich shop. As he fights to transform the shop and himself, he works alongside a rough-around-the-edges crew that ultimately reveal themselves as his chosen family.",
        "url": "https://www.themoviedb.org/movie/136315"
    },
    {
        "image": "https://image.tmdb.org/t/p/original/r7HV1rKdUus2gJNChswMtpjpPft.jpg",
        "artWork": "https://image.tmdb.org/t/p/original/30YnfZdMNIV7noWLdvmcJS0cbnQ.jpg",
        "title": "Saving Bikini Bottom: The Sandy Cheeks Movie",
        "subtitle": "When Bikini Bottom is scooped from the ocean, scientific squirrel Sandy Cheeks and her pal SpongeBob SquarePants saddle up for Texas to save their town.",
        "url": "https://www.themoviedb.org/movie/831815"
    },
    {
        "image": "https://image.tmdb.org/t/p/original/8U0CLE1jm8wzsAUqmawdOqR46FD.jpg",
        "artWork": "https://image.tmdb.org/t/p/original/7wbPHetLZnyL6hwqrfEPnLNKnXu.jpg",
        "title": "Sweet Home",
        "subtitle": "As humans turn into savage monsters and the world plunges into terror, a handful of survivors fight for their lives \u2014 and to hold on to their humanity.",
        "url": "https://www.themoviedb.org/movie/96648"
    },
    {
        "image": "https://image.tmdb.org/t/p/original/mKOBdgaEFguADkJhfFslY7TYxIh.jpg",
        "artWork": "https://image.tmdb.org/t/p/original/qAGCCtv5HHiVGlqT2wGPZgc0kDj.jpg",
        "title": "Borderlands",
        "subtitle": "Returning to her home planet, an infamous outlaw forms an unexpected alliance with a team of unlikely heroes. Together, they battle alien monsters and dangerous bandits to find a missing girl who holds the key to unimaginable power.",
        "url": "https://www.themoviedb.org/movie/365177"
    },
    {
        "image": "https://image.tmdb.org/t/p/original/zymbuoBoL1i94xAOzVJF6IuWLfD.jpg",
        "artWork": "https://image.tmdb.org/t/p/original/6GDW4EsgsXlYrL1ASb5eCHQK4er.jpg",
        "title": "Cobra Kai",
        "subtitle": "This Karate Kid sequel series picks up 30 years after the events of the 1984 All Valley Karate Tournament and finds Johnny Lawrence on the hunt for redemption by reopening the infamous Cobra Kai karate dojo. This reignites his old rivalry with the successful Daniel LaRusso, who has been working to maintain the balance in his life without mentor Mr. Miyagi.",
        "url": "https://www.themoviedb.org/movie/77169"
    }
]