[
    {
        "image": "https://image.tmdb.org/t/p/original/4MCKNAc6AbWjEsM2h9Xc29owo4z.jpg",
        "artWork": "https://image.tmdb.org/t/p/original/bHZQYKJV1rV01S3kNZ3hEYz8VNM.jpg",
        "title": "Beekeeper: Sentencia de Muerte",
        "subtitle": "La brutal campa\u00f1a de venganza de un hombre adquiere dimensiones nacionales cuando se descubre que es un antiguo agente de una poderosa organizaci\u00f3n clandestina conocida como \"Los apicultores\".",
        "url": "https://www.themoviedb.org/movie/866398"
    },
    {
        "image": "https://image.tmdb.org/t/p/original/82qpvU7AzT9D8oC02fIceb5KAz8.jpg",
        "artWork": "https://image.tmdb.org/t/p/original/4XMpDLyu2xOeuKxl4qEQtwSrDac.jpg",
        "title": "True Detective",
        "subtitle": "En Luisiana, en 1995, dos detectives investigan el atroz asesinato de una joven que fue sometida a un ritual pagano. En el a\u00f1o 2012, unos polic\u00edas interrogan a estos dos detectives, dado que sospechan que el asesino de 1995 ha regresado.",
        "url": "https://www.themoviedb.org/movie/46648"
    },
    {
        "image": "https://image.tmdb.org/t/p/original/cnqwv5Uz3UW5f086IWbQKr3ksJr.jpg",
        "artWork": "https://image.tmdb.org/t/p/original/3OdMJBOGkp62e0DfY4ZykL9RuCP.jpg",
        "title": "Aquaman y el reino perdido",
        "subtitle": "Black Manta, todav\u00eda impulsado por la necesidad de vengar la muerte de su padre y ejerciendo el poder del m\u00edtico Tridente Negro, no se detendr\u00e1 ante nada para acabar con Aquaman de una vez por todas. Para derrotarlo, Aquaman debe recurrir a su hermano encarcelado Orm, el ex rey de la Atl\u00e1ntida, para forjar una alianza improbable con el fin de salvar al mundo de una destrucci\u00f3n irreversible.",
        "url": "https://www.themoviedb.org/movie/572802"
    },
    {
        "image": "https://image.tmdb.org/t/p/original/zW0v2YT74C6tRafzqqBkfSqLAN0.jpg",
        "artWork": "https://image.tmdb.org/t/p/original/m8tW2ssuqib10BUlUZfbYlfqEfd.jpg",
        "title": "Halo",
        "subtitle": "Representando un conflicto \u00e9pico del siglo 26 entre la humanidad y una amenaza alien\u00edgena conocida como el Pacto, la serie teje historias personales profundamente dibujadas con acci\u00f3n, aventura y una visi\u00f3n ricamente imaginada del futuro.",
        "url": "https://www.themoviedb.org/movie/52814"
    },
    {
        "image": "https://image.tmdb.org/t/p/original/yyFc8Iclt2jxPmLztbP617xXllT.jpg",
        "artWork": "https://image.tmdb.org/t/p/original/tFyQa5WQqldIL44HBLaCmn5eERD.jpg",
        "title": "Wonka",
        "subtitle": "Willy Wonka, repleto de ideas y decidido a cambiar el mundo con un delicioso bocado a la vez, es una prueba de que las mejores cosas de la vida comienzan con un sue\u00f1o y, si tienes la suerte de conocer a Willy Wonka, todo es posible.",
        "url": "https://www.themoviedb.org/movie/787699"
    },
    {
        "image": "https://image.tmdb.org/t/p/original/2rmK7mnchw9Xr3XdiTFSxTTLXqv.jpg",
        "artWork": "https://image.tmdb.org/t/p/original/cMD9Ygz11zjJzAovURpO75Qg7rT.jpg",
        "title": "One Piece",
        "subtitle": "Riqueza, fama, poder... un hombre hab\u00eda obtenido todo en este mundo, era el Rey de los Piratas Gold D. Roger. Antes de morir sus \u00faltimas palabras inspiraron al mundo a aventurarse al mar: \"\u00bfMi tesoro? Si lo quer\u00e9is es vuestro... lo he escondido todo en ese lugar\". Y as\u00ed dio comienzo lo que se conoce como la Gran Era de la Pirater\u00eda, lanzando a cientos de piratas al mar para encontrar el gran tesoro One Piece. Esta serie relata las aventuras y desventuras de uno de esos piratas, Monkey D. Luffy, quien accidentalmente de peque\u00f1o, comi\u00f3 una Fruta del Diablo (Akuma no Mi en japon\u00e9s), en particular una Gomu Gomu no Mi que hizo que su cuerpo ganara las propiedades f\u00edsicas de la goma, convirti\u00e9ndose en el hombre de goma. Luffy, despu\u00e9s de dicho suceso, decide que se convertir\u00e1 en el pr\u00f3ximo Rey de los Piratas y para ello, deber\u00e1 encontrar el \"One Piece\".",
        "url": "https://www.themoviedb.org/movie/37854"
    },
    {
        "image": "https://image.tmdb.org/t/p/original/haCm6h324vysBmtXxSQ9twHasYJ.jpg",
        "artWork": "https://image.tmdb.org/t/p/original/4gCwRJWKG7PnEVtCxgKymF9kKxO.jpg",
        "title": "Madame Web",
        "subtitle": "Despu\u00e9s de sobrevivir a un accidente, la param\u00e9dica Cassandra Webb comienza a desenvolver sus habilidades clarividentes. Obligada a enfrentar revelaciones sobre su pasado, forja una relaci\u00f3n con tres mujeres j\u00f3venes destinadas a futuros poderosos... si todas pueden sobrevivir a un presente mortal.",
        "url": "https://www.themoviedb.org/movie/634492"
    },
    {
        "image": "https://image.tmdb.org/t/p/original/6snBXmgkscLEJQmxx46qEIlqYlB.jpg",
        "artWork": "https://image.tmdb.org/t/p/original/pHTOwJIUN1L4h8sACkpkthy01ei.jpg",
        "title": "Masters of the Air",
        "subtitle": "Durante la Segunda Guerra Mundial, los aviadores arriesgan sus vidas con el 100\u00ba Grupo de bombarderos, una hermandad forjada por el valor, la p\u00e9rdida y el triunfo.",
        "url": "https://www.themoviedb.org/movie/46518"
    },
    {
        "image": "https://image.tmdb.org/t/p/original/nTPFkLUARmo1bYHfkfdNpRKgEOs.jpg",
        "artWork": "https://image.tmdb.org/t/p/original/jwTY6CgKx0upCqVbG0exMDBVOeK.jpg",
        "title": "Con todos menos contigo",
        "subtitle": "Despu\u00e9s de una primera cita incre\u00edble, la ardiente atracci\u00f3n de Bea y Ben se vuelve helada, hasta que se reencuentran inesperadamente en una boda en Australia. Entonces hacen lo que har\u00edan dos adultos maduros cualesquiera: pretender ser una pareja.",
        "url": "https://www.themoviedb.org/movie/1072790"
    },
    {
        "image": "https://image.tmdb.org/t/p/original/leVOmOabRRWgdhUDNFQhpOAa5s3.jpg",
        "artWork": "https://image.tmdb.org/t/p/original/qV0czio2Ko1qkytUqByyLaQRiVz.jpg",
        "title": "Sr. y Sra. Smith",
        "subtitle": "Conoce a los Smith: dos extra\u00f1os solitarios, John y Jane, que han renunciado a sus vidas e identidades para ser lanzados juntos como compa\u00f1eros, tanto en el espionaje como en el matrimonio",
        "url": "https://www.themoviedb.org/movie/118642"
    },
    {
        "image": "https://image.tmdb.org/t/p/original/A0EqMM4WZpzfxpdoDoqICCpzSQ1.jpg",
        "artWork": "https://image.tmdb.org/t/p/original/cLSNV04YUkTL33fzXY1owroZQau.jpg",
        "title": "The Marvels",
        "subtitle": "Cuando sus deberes llevan a Carol Danvers, alias Capitana Marvel, a un agujero de gusano an\u00f3malo vinculado a un revolucionario Kree, sus poderes se enredan con los de Ms. Marvel y con los de Monica Rambeau, la distanciada sobrina de Carol y astronauta de S.A.B.E.R. Juntas, deber\u00e1n trabajar en sincron\u00eda para salvar al universo como \"The Marvels\".",
        "url": "https://www.themoviedb.org/movie/609681"
    },
    {
        "image": "https://image.tmdb.org/t/p/original/nOI4Pv6LGpxEdvwRAHJR8aIcbgf.jpg",
        "artWork": "https://image.tmdb.org/t/p/original/AoEuSoSnwSSnX1YzykDdOiKAZNB.jpg",
        "title": "La \u00faltima familia ninja",
        "subtitle": "A\u00f1os despu\u00e9s de haber dejado atr\u00e1s sus aventuras como ninjas, una familia disfuncional debe volver a las sombras para detener una serie de amenazas inminentes.",
        "url": "https://www.themoviedb.org/movie/210098"
    },
    {
        "image": "https://image.tmdb.org/t/p/original/uhUO7vQQKvCTfQWubOt5MAKokbL.jpg",
        "artWork": "https://image.tmdb.org/t/p/original/v2NN1TMK3ifuiEyawa3ukkcSOUQ.jpg",
        "title": "Duna: Parte dos",
        "subtitle": "Sigue la m\u00edtica jornada de Paul Atreides mientras se une con Chani y los Fremen en su camino hacia la venganza contra los conspiradores que destruyeron a su familia. Enfrentado a una elecci\u00f3n entre el amor de su vida y el destino del universo conocido, Paul se esfuerza por prevenir un terrible futuro que solo \u00e9l puede prever.",
        "url": "https://www.themoviedb.org/movie/693134"
    },
    {
        "image": "https://image.tmdb.org/t/p/original/viQZtznvR20oTTSbXp6MPAWkGB2.jpg",
        "artWork": "https://image.tmdb.org/t/p/original/jC6Ml45QAcPVXpG3NKU9fBM8cGd.jpg",
        "title": "La paradoja del asesino",
        "subtitle": "Cuando una muerte accidental lleva a muchas m\u00e1s, un joven com\u00fan y corriente y un astuto detective quedan atrapados en un interminable juego del gato y el rat\u00f3n.",
        "url": "https://www.themoviedb.org/movie/202783"
    },
    {
        "image": "https://image.tmdb.org/t/p/original/ycnO0cjsAROSGJKuMODgRtWsHQw.jpg",
        "artWork": "https://image.tmdb.org/t/p/original/ncKCQVXgk4BcQV6XbvesgZ2zLvZ.jpg",
        "title": "Oppenheimer",
        "subtitle": "Pel\u00edcula sobre el f\u00edsico J. Robert Oppenheimer y su papel como desarrollador de la bomba at\u00f3mica. Basada en el libro 'American Prometheus: The Triumph and Tragedy of J. Robert Oppenheimer' de Kai Bird y Martin J. Sherwin.",
        "url": "https://www.themoviedb.org/movie/872585"
    },
    {
        "image": "https://image.tmdb.org/t/p/original/rqbCbjB19amtOtFQbb3K2lgm2zv.jpg",
        "artWork": "https://image.tmdb.org/t/p/original/yFPQ4JhhirnCVe2UIKGMYX7TOGZ.jpg",
        "title": "Attack on Titan",
        "subtitle": "Muchos a\u00f1os atr\u00e1s, la humanidad estuvo al borde de la extinci\u00f3n con la aparici\u00f3n de unas criaturas gigantes que devoraban a todas las personas. Huyendo, la humanidad consigui\u00f3 sobrevivir en una ciudad fortificada de altas murallas que se ha convertido en el \u00faltimo reducto de la civilizaci\u00f3n contra los Titanes que campan a sus anchas por el mundo. Ahora esa paz est\u00e1 a punto de verse interrumpida por una cadena de acontecimientos que llevar\u00e1 a desvelar qu\u00e9 son los Titanes y c\u00f3mo aparecieron.",
        "url": "https://www.themoviedb.org/movie/1429"
    },
    {
        "image": "https://image.tmdb.org/t/p/original/bQS43HSLZzMjZkcHJz4fGc7fNdz.jpg",
        "artWork": "https://image.tmdb.org/t/p/original/xbfzQ7Q7qmDUf50eZH8C57Ygx6n.jpg",
        "title": "Pobres criaturas",
        "subtitle": "Bella Baxter es una joven revivida por el brillante y poco ortodoxo cient\u00edfico Dr. Godwin Baxter. Bajo la protecci\u00f3n de Baxter, Bella est\u00e1 ansiosa por aprender. Hambrienta de la mundanidad que le falta, Bella se escapa con Duncan Wedderburn, un sofisticado y perverso abogado, en una aventura vertiginosa a trav\u00e9s de los continentes. Libre de los prejuicios de su \u00e9poca, Bella se vuelve firme en su prop\u00f3sito de defender la igualdad y la liberaci\u00f3n.",
        "url": "https://www.themoviedb.org/movie/792307"
    },
    {
        "image": "https://image.tmdb.org/t/p/original/rIe3PnM6S7IBUmvNwDkBMX0i9EZ.jpg",
        "artWork": "https://image.tmdb.org/t/p/original/z9gCSwIObDOD2BEtmUwfasar3xs.jpg",
        "title": "Juego de Tronos",
        "subtitle": "En un mundo fant\u00e1stico y en un contexto medieval varias familias, relativas a la nobleza, se disputan el poder para dominar el territorio ficticio de Poniente (Westeros) y tomar el control de los Siete Reinos desde el Trono de Hierro, lugar donde el rey ejerce el poder.",
        "url": "https://www.themoviedb.org/movie/1399"
    },
    {
        "image": "https://image.tmdb.org/t/p/original/4l65BWqJBl7hBwdIwp2nQdwsOuw.jpg",
        "artWork": "https://image.tmdb.org/t/p/original/rZ8j1LnAPxIwsGEN7oC7gOHUQK1.jpg",
        "title": "Garra de Hierro",
        "subtitle": "Sigue la historia de los Von Erich, una dinast\u00eda de luchadores que tuvo un gran impacto en el deporte desde la d\u00e9cada de 1960 hasta la actualidad.",
        "url": "https://www.themoviedb.org/movie/850165"
    },
    {
        "image": "https://image.tmdb.org/t/p/original/pIGLdSGbdBAKu5diYFkU5nLpXkI.jpg",
        "artWork": "https://image.tmdb.org/t/p/original/kW8pv9jMKE2t1L5xyy1JRxjWJ9n.jpg",
        "title": "Constelaci\u00f3n",
        "subtitle": "Cuando un accidente fatal ocurre a bordo de la Estaci\u00f3n Espacial Internacional, una solitaria astronauta hace un heroico viaje de regreso a la tierra. Y al volver descubre que piezas clave de su vida han cambiado...incluyendo a su hija.",
        "url": "https://www.themoviedb.org/movie/197125"
    },
    {
        "image": "https://image.tmdb.org/t/p/original/meyhnvssZOPPjud4F1CjOb4snET.jpg",
        "artWork": "https://image.tmdb.org/t/p/original/brAqSBoSXzxEYV6rGYwbRvhlXCE.jpg",
        "title": "\u00a1Patos!",
        "subtitle": "Despu\u00e9s de que una familia de patos migratorios aterriza en su estanque con emocionantes historias de lugares remotos, la familia Mallard embarca en un viaje familiar, atravezando la ciudad de Nueva York, con destino a la tropical Jamaica.",
        "url": "https://www.themoviedb.org/movie/940551"
    },
    {
        "image": "https://image.tmdb.org/t/p/original/nI8uQAU8KFXYIIRz6jdL0pmC3eL.jpg",
        "artWork": "https://image.tmdb.org/t/p/original/zVcpkAw47UmTd2AXIhl3gOpeguT.jpg",
        "title": "Percy Jackson y los dioses del Olimpo",
        "subtitle": "Percy Jackson est\u00e1 en una peligrosa misi\u00f3n. Evadiendo monstruos y superando dioses, debe cruzar el pa\u00eds para devolver el rayo maestro de Zeus y evitar una guerra. Con la ayuda de sus compa\u00f1eros de misi\u00f3n, Annabeth y Grover, el viaje de Percy lo llevar\u00e1 a responderse c\u00f3mo encajar en un mundo en el que se siente fuera de lugar y a descubrir cu\u00e1l es su destino.",
        "url": "https://www.themoviedb.org/movie/103540"
    },
    {
        "image": "https://image.tmdb.org/t/p/original/bq9FpkTw9I3s1cSRuZxQibM2xOx.jpg",
        "artWork": "https://image.tmdb.org/t/p/original/vN0cvFhOLhuo1WHFQLFs45mrJjz.jpg",
        "title": "Zona de Inter\u00e9s",
        "subtitle": "El comandante de Auschwitz Rudolf H\u00f6ss y su esposa Hedwig se esfuerzan en construir una vida de ensue\u00f1o para su familia en una casa con jard\u00edn cerca del campo.",
        "url": "https://www.themoviedb.org/movie/467244"
    },
    {
        "image": "https://image.tmdb.org/t/p/original/8DaWVJTUXdke1s7K2EyXRACqP2h.jpg",
        "artWork": "https://image.tmdb.org/t/p/original/geCRueV3ElhRTr0xtJuEWJt6dJ1.jpg",
        "title": "Solo Leveling",
        "subtitle": "Lo que no te mata te hace m\u00e1s fuerte, pero en el caso de Sung Jinwoo, lo que lo mat\u00f3 lo hizo m\u00e1s fuerte. Despu\u00e9s de ser brutalmente asesinado por monstruos en una mazmorra de alto rango, Jinwoo regres\u00f3 con el Sistema, un programa que solo \u00e9l puede ver y que eleva su nivel en todos los sentidos. Ahora, est\u00e1 decidido a descubrir los secretos detr\u00e1s de sus poderes y la mazmorra que los engendr\u00f3.",
        "url": "https://www.themoviedb.org/movie/127532"
    },
    {
        "image": "https://image.tmdb.org/t/p/original/lzWHmYdfeFiMIY4JaMmtR7GEli3.jpg",
        "artWork": "https://image.tmdb.org/t/p/original/hIEKzq0klqtz1H3S7QxzH4mMbvT.jpg",
        "title": "Duna",
        "subtitle": "Paul Atreides, un joven brillante y talentoso nacido en un gran destino m\u00e1s all\u00e1 de su entendimiento, debe viajar al planeta m\u00e1s peligroso del universo para asegurar el futuro de su familia y de su pueblo.",
        "url": "https://www.themoviedb.org/movie/438631"
    },
    {
        "image": "https://image.tmdb.org/t/p/original/3nmDXGCDcHbtP3Rw4vi9RD3cmmX.jpg",
        "artWork": "https://image.tmdb.org/t/p/original/z9HK4DEBhF5YX7AdiEvSOq5yfZW.jpg",
        "title": "Ninja Kamui",
        "subtitle": "Un exmiembro de un clan ninja renuncia para vivir una vida tranquila junto a su esposa e hijo. Una noche, su familia muere despu\u00e9s de ser atacados por una organizaci\u00f3n misteriosa. Al hombre lo torturan las repercusiones.",
        "url": "https://www.themoviedb.org/movie/202284"
    },
    {
        "image": "https://image.tmdb.org/t/p/original/3mpgltEMgPf8zFtPnAWdDVN8ZT1.jpg",
        "artWork": "https://image.tmdb.org/t/p/original/a219G3YuhGDH3QQzvLWeVSGagWZ.jpg",
        "title": "American Fiction",
        "subtitle": "El profesor de ingl\u00e9s y escritor Thelonious 'Monk' Ellison escribe una novela sat\u00edrica bajo seud\u00f3nimo, con la intenci\u00f3n de denunciar la hipocres\u00eda de la industria editorial.",
        "url": "https://www.themoviedb.org/movie/1056360"
    },
    {
        "image": "https://image.tmdb.org/t/p/original/4e1A6paFfMygUOZHamjvKzHnkla.jpg",
        "artWork": "https://image.tmdb.org/t/p/original/lbzhVJE84wJXhe2kY42LIcOVC2j.jpg",
        "title": "The New Look",
        "subtitle": "Esta serie emocionante y apasionante revela la impactante historia de c\u00f3mo el \u00edcono de la moda Christian Dior y sus contempor\u00e1neos como Coco Chanel, Pierre Balmain y Crist\u00f3bal Balenciaga sortearon los horrores de la Segunda Guerra Mundial y catapultaron la moda moderna.",
        "url": "https://www.themoviedb.org/movie/157368"
    },
    {
        "image": "https://image.tmdb.org/t/p/original/8te0oIAuUOxi03RbM1SfL3xUYHB.jpg",
        "artWork": "https://image.tmdb.org/t/p/original/9nYyKtOgDZF49XMHNhniEQPnt8S.jpg",
        "title": "Argylle: Agente secreto",
        "subtitle": "Cuando las tramas de los libros ficticios de Elly Conway, la solitaria autora de una serie de novelas de espionaje bestseller comienzan a reflejar las acciones encubiertas de una organizaci\u00f3n de esp\u00edas de la vida real, las noches tranquilas en casa se convierten en cosa del pasado. Acompa\u00f1ada por Aiden, un esp\u00eda al\u00e9rgico a los gatos, Elly (mientras lleva a Alfie en su mochila) corre por todo el mundo para estar un paso por delante de los asesinos mientras la l\u00ednea entre su mundo ficticio y el real comienza a desvanecerse.",
        "url": "https://www.themoviedb.org/movie/848538"
    },
    {
        "image": "https://image.tmdb.org/t/p/original/bU7XEMRVZyCKbNwsh4S0b9bUVm6.jpg",
        "artWork": "https://image.tmdb.org/t/p/original/6lueWyOqpw59hSTuQnzteGdRB7x.jpg",
        "title": "Siempre el mismo d\u00eda",
        "subtitle": "Tras pasar juntos su \u00faltima noche en la universidad, Emma y Dexter toman caminos separados, pero sus vidas nunca dejar\u00e1n de estar conectadas.",
        "url": "https://www.themoviedb.org/movie/240667"
    },
    {
        "image": "https://image.tmdb.org/t/p/original/oBIQDKcqNxKckjugtmzpIIOgoc4.jpg",
        "artWork": "https://image.tmdb.org/t/p/original/syKwepJwzvoYhPLBfUy4YYSrstr.jpg",
        "title": "Rescate Imposible",
        "subtitle": "El novato controlador de apoyo a\u00e9reo Kinney est\u00e1 integrado con un equipo de Delta Force en una misi\u00f3n en Filipinas. Cuando el equipo queda atrapado sin armas, las habilidades de Reaper, un piloto de aviones no tripulados de la Fuerza A\u00e9rea, se convierten en su \u00fanica posibilidad de supervivencia.",
        "url": "https://www.themoviedb.org/movie/969492"
    },
    {
        "image": "https://image.tmdb.org/t/p/original/m5CggjJuFc08QCuKz54znHP6spJ.jpg",
        "artWork": "https://image.tmdb.org/t/p/original/xFognKEBtBPyQ1IPMtwWlqa7q92.jpg",
        "title": "Reacher",
        "subtitle": "Cuando lo arrestan por un asesinato que no cometi\u00f3, el oficial retirado de la polic\u00eda militar Jack Reacher se ve envuelto en una conspiraci\u00f3n letal de polic\u00edas corruptos, empresarios turbios y pol\u00edticos intrigantes. Solo con su ingenio, debe descubrir qu\u00e9 est\u00e1 sucediendo en Margrave, Georgia. La primera temporada de \"Reacher\" se basa en la exitosa novela \"Zona peligrosa\" de Lee Child.",
        "url": "https://www.themoviedb.org/movie/108978"
    },
    {
        "image": "https://image.tmdb.org/t/p/original/y3sKoItrKZdVEfPeLyoE9m5OG2v.jpg",
        "artWork": "https://image.tmdb.org/t/p/original/lQS3Owbte49Mkz5nFach4UgSZDF.jpg",
        "title": "Los juegos del hambre: La balada de p\u00e1jaros cantores y serpientes",
        "subtitle": "A\u00f1os antes de convertirse en el tir\u00e1nico Presidente de Panem, el Coriolanus Snow de 18 a\u00f1os es la \u00faltima esperanza de su desvaneciente linaje, la una vez orgullosa familia que hab\u00eda ca\u00eddo en desgracia en un Capitolio post-guerra. Con los d\u00e9cimos Juegos del Hambre aproxim\u00e1ndose r\u00e1pidamente, el joven Snow se sorprende cuando es asignado como mentor de Lucy Gray Baird, la ni\u00f1a tributo del empobrecido Distrito 12. Pero luego de que Lucy Gray consigue toda la atenci\u00f3n de Panem al cantar desafiante durante la ceremonia de la cosecha, Snow piensa que podr\u00eda dar vuelta su suerte. Uniendo sus instintos de espect\u00e1culo y de encontrada astucia pol\u00edtica, la carrera de Snow y Lucy Gray para sobrevivir reveler\u00e1 qui\u00e9n es un p\u00e1jaro cantor, y qui\u00e9n es una v\u00edbora.",
        "url": "https://www.themoviedb.org/movie/695721"
    },
    {
        "image": "https://image.tmdb.org/t/p/original/nj06Yo0yVzI7jx6novjyGOyNQKC.jpg",
        "artWork": "https://image.tmdb.org/t/p/original/qT8OLi18IwkX6JwVoybJFagNSea.jpg",
        "title": "Griselda",
        "subtitle": "Narra la vida de Griselda Blanco, creadora de uno de los c\u00e1rteles m\u00e1s rentables de la historia. Madre devota, la letal mezcla de encanto y desprevenido salvajismo de Blanco la ayud\u00f3 a navegar con pericia entre la familia y los negocios, lo que la llev\u00f3 a ser ampliamente conocida como la \"Viuda Negra\".",
        "url": "https://www.themoviedb.org/movie/137893"
    },
    {
        "image": "https://image.tmdb.org/t/p/original/pRmF6VBsRnvWCbLB9P80UvZFMyK.jpg",
        "artWork": "https://image.tmdb.org/t/p/original/kXWcet0VjW9yFXFqwwtAzljJTTf.jpg",
        "title": "Ascenso",
        "subtitle": "Ana, la aspirante a becaria de arte, es ascendida inesperadamente a primera clase cuando su jefa la manda a un viaje de trabajo de \u00faltimo momento a Londres. Mientras disfruta este c\u00f3modo estilo de vida en la cabina de primera clase, conoce al apuesto y adinerado William y decide vivir su fantas\u00eda m\u00e1s tiempo del que deber\u00eda.",
        "url": "https://www.themoviedb.org/movie/1014590"
    },
    {
        "image": "https://image.tmdb.org/t/p/original/vcFW09U4834DyFOeRZpsx9x1D3S.jpg",
        "artWork": "https://image.tmdb.org/t/p/original/4edFyasCrkH4MKs6H4mHqlrxA6b.jpg",
        "title": "Doctor Who",
        "subtitle": "Continuaci\u00f3n de la m\u00edtica y longeva serie brit\u00e1nica que empez\u00f3 en 1963 y dur\u00f3 hasta 1989. El Doctor es un aventurero que viaja por el tiempo y el espacio visitando desde fantasmas del pasado hasta alien\u00edgenas del futuro, desde el d\u00eda que la Tierra muri\u00f3 en una bola de fuego hasta el fin del universo.",
        "url": "https://www.themoviedb.org/movie/57243"
    },
    {
        "image": "https://image.tmdb.org/t/p/original/ctMserH8g2SeOAnCw5gFjdQF8mo.jpg",
        "artWork": "https://image.tmdb.org/t/p/original/fNtqD4BTFj0Bgo9lyoAtmNFzxHN.jpg",
        "title": "Barbie",
        "subtitle": "Una mu\u00f1eca que vive en 'Barbieland' es expulsada al mundo real por no ser lo suficientemente perfecta. Basada en la popular mu\u00f1eca Barbie.",
        "url": "https://www.themoviedb.org/movie/346698"
    },
    {
        "image": "https://image.tmdb.org/t/p/original/bOA2Y34ikHxsxL2CPF6xfA3nQFs.jpg",
        "artWork": "https://image.tmdb.org/t/p/original/fHpKWq9ayzSk8nSwqRuaAUemRKh.jpg",
        "title": "Jujutsu Kaisen",
        "subtitle": "Dificultades, arrepentimiento, verg\u00fcenza\u2026 Los sentimientos negativos de los humanos se convierten en Maldiciones que nos acechan en nuestra vida diaria. Las Maldiciones campan a sus anchas por todo el mundo, y pueden llevar a las personas a sufrir terribles desgracias e incluso dirigirlas a su muerte. Y lo que es peor: solo una Maldici\u00f3n puede exorcizar otra Maldici\u00f3n.",
        "url": "https://www.themoviedb.org/movie/95479"
    },
    {
        "image": "https://image.tmdb.org/t/p/original/dmiN2rakG9hZW04Xx7mHOoHTOyD.jpg",
        "artWork": "https://image.tmdb.org/t/p/original/OcZPwR89CM8ay8asq3J4XFeKII.jpg",
        "title": "Chicas pesadas",
        "subtitle": "Cady Heron es un \u00e9xito con The Plastics, el grupo de chicas de primer nivel en su nueva escuela, hasta que comete el error de enamorarse de Aaron Samuels, el exnovio de la alfa Plastic Regina George.",
        "url": "https://www.themoviedb.org/movie/673593"
    },
    {
        "image": "https://image.tmdb.org/t/p/original/xs2v0K7iKAuR4YtKOw7TEcDIX63.jpg",
        "artWork": "https://image.tmdb.org/t/p/original/dmF2LqFb1Aj8jRktPdYapP7fWyx.jpg",
        "title": "Star Wars: The Bad Batch",
        "subtitle": "Sigue a los Clones experimentales y de \u00e9lite conocidos como \"El Lote Malo\" mientras encuentran su camino en una galaxia que cambia r\u00e1pidamente despu\u00e9s de la Guerra de los Clones.",
        "url": "https://www.themoviedb.org/movie/105971"
    }
]